uuid,condition,answer_1,score_1,answer_2,score_2,answer_3,score_3,answer_4,score_4,answer_5,score_5,answer_6,score_6
1de97d07,reading,"('mRNA', 'protein synthesis')",1,"('Hydrogen', 'protein')",0,"('the liver', 'chemical')",0,The number of cells and the organelles within depend on what the cells are expected to do--in this case make it possible for the organism to move.,1,They create insulin which is needed to use glucose for energy.,0,One molecule of oxygen is removed and it is  removed as water in the breath.,0
20e2e41a,reading,"('proteins', 'mRNA')",0,"('carbon', 'hydrogen')",0,"('cells', 'respiration')",0,Form follows function means that the format of cells is built so that they can function properly and help to power the human body through all phases of it's existence.,1,Pancreas cells convert sugars into energy,0,"The digestive process of the cell breaks down the hydrogen particles to only leave one, and it is exhaled out of the body during respiration.",0
98f259f1,reading,"('mRNA', 'amino acids')",2,"('glucose', 'ATP')",2,"('peoxisomes ', 'oxidation')",2,"Form follows functions means that things, in this case, cells are built in a way that make sense for what they do, or how they function. It applies to the structure and function of muscles cells in that muscles cells contain a ot of mitochondria, which generate ATP (adenosine triphosphate) providing the energy needed to keep your body in motion",2,The structures of digestive pancreas cells support their particular function by producing a large amount of proteins that produce digestive enzymes,1,The cell is not damaged by the H2O2 because they are contained within the peroxisomes where they are safety broken down into oxygen and water,2
bb00a8a0,reading,"('mRNA', 'molecules')",1,"('Carbon', 'carbon dioxide')",0,"('mitochondria', 'N/A')",0,It is the idea that purpose should be the starting point over design. The structure and function of muscle cells all have a purpose.,0,I don't know.,0,I don't know,0
d611a8d0,reading,"('mRNA', 'amino acids')",2,"('Glucose', 'ATP')",2,"('peroxisomes', 'detoxification')",1,"Muscle cells are in constant need of energy in order to do the work they are intended to do.  ATP drives this work so muscle cells are abundant in mitochondria, the organelle responsible for ATP synthesis.",1,,0,Hydrogen peroxide is destroyed in the peroxisome  by its conversion to water and oxygen.,1
d79f7e95,reading,"('mRNA', 'whatever amino acid chain the nucleus ordered')",1,"('H202', 'bruh what is this notation')",0,"('specific name', 'specific name')",0,many mitochondria in muscle cells to produce ATP for local energy,1,there are organelles that are able to destroy poisons using h2o2,0,i dont recall,0
f56852a3,reading,"('rna', 'mrma')",1,"('carbon', 'hydrogen')",0,"('liver', 'detoxification')",0,The process proceeds in the manner necessary to keep the body running,0,They are designed to detoxify,0,Because it is broken down into water and hydrogen,1
0a805070,teacher-qa-bot,"('peptides', 'tRNA')",0,"('H2O2', 'oxygen')",0,"('waste', 'peroxiosis')",0,Form follows functions is described like how a hospital needs easy access to emergency rooms. In a cell there are process that allow the optimal function of each cell.,0,The pancreas cells function is to detoxify the cells.,0,peroxisomes absorb the deadly H2O2 and break it down to oxygen and water safely.,1
0fb0c505,teacher-qa-bot,"('RNA', 'translation')",1,"('Glucose', 'ATP')",2,"('peroxisomes', 'oxidation')",2,"Form follows function is a principle that says the shape of a cell is determined by the purpose of the cell. For example, muscle cells are shaped as such because they are responsible for the movement of the body through contractions.",1,The structure of pancreas cells supports their function by clustering together and surrounding a central lumen. They then secrete digestive enzymes necessary for the digestion process.,1,The cell is not damaged by H2O2 because before it can become harmful it is broken down and disposed of by an enzyme called catalase. The residual products of the disposal process are water and oxygen.,1
1fedce0b,teacher-qa-bot,"('messenger RNA (mRNA)', 'amino acids')",2,"('glucose', 'ATP')",2,"('peroxisomes', 'oxidation')",2,Muscle cells contain large amounts of ribosome for protein production.,0,The pancreas cells contain large amounts of the cells that break down nutrients into energy.,0,It is converted into water (H2O) and oxygen (O).,1
22362ec9,teacher-qa-bot,"('mRNA', 'Amino acid')",2,"('H2O2', 'H2O2')",0,"('peroxisomes', 'oxidation')",2,"Basically, form follows function means a substance constructed supports its activities within it.",1,The cells help in giving the organelles protein to function,0,Oxidation normally could damage the cells but during this breakdown reactions are forced to become peroxisomes then there's H2O2 and water,1
31ef1437,teacher-qa-bot,"('tRNA', 'synthesis')",0,"('Glucose', 'ATP')",2,"('enzyes', 'detoxification')",0,The idea that things are constructed to facilitate their function. The organelles and structure of the cells follow the principle as the parts of the ells are shaped such that it facilitates what the function inside the cll is.,1,I do not know.,0,The perixisomes have enzymes inside the organelles that break it down into water and oxygen.,1
8bf22c8f,teacher-qa-bot,"('RNA', 'amino acid')",2,"('H2O2', 'N/A')",0,"('peroxisomes', 'oxidation')",2,Form follows function means that the function of a particular structure is specifically designed to help the structure carry out its specific function.,1,They supply it with protein which travels to the ribosomes which later become amino acids.,0,"The cell is not damaged mainly because of oxidation, which could normally damage it, however, the reactions are confined to peroxisomes which safely breakdown hydrogen peroxide into water and oxygen.",2
cf1d00f8,teacher-qa-bot,"('RNA', 'I have no earthly idea')",1,"('???', '???')",0,"('peroxisomes', 'cellular respiration')",1,Form follows function means that something is composed in a way that aids its purpose/function.,1,Digestive pancreas cells have higher amounts of the one cell part that makes proteins?,0,"The cell isn't damaged by H202 because peroxisomes break it down during cellular respiration, maybe? I'm trying so hard to remember these, you have no idea.",0
ede3330d,teacher-qa-bot,"('mRNA', 'amino acids')",2,"('glucose', 'ATP')",2,"('peroxisomes', 'oxidation')",2,Muscle cells have large numbers of mitochondria which can create ATP and lactic acid to keep a body moving if the muscle cells run out of oxygen. Lactic acid buildup is the cause of muscle soreness after a hard workout.,1,"RIbosomes, which are responsible for protein synthesis, occur in large numbers in the pancreas. The panceas is responsible for creating digestive enzymes to digest food, which often contains large amounts of protein. THerefore, the ribosomes support the digestion of proteins.",2,"Because it gets broken down in the peroxisomes into it's component parts, oxygen and water.",1
42f81d8b,llm-qa-bot,"('RNA', 'unsure')",1,"('carbon', 'carbon dioxide')",0,"('peroxisomes', 'unsure')",1,"The form of something is directly related to the function of that thing. Muscles have a lot of mitochondria, which informs how it is formed.",2,I am unsure.,0,I am unsure.,0
5d9b81e0,llm-qa-bot,"('mRNA', 'proteins')",1,"('glucose', 'ATP')",2,"('peroxisomes', 'enzyme')",1,"Form follows functions describes how the structure of something leads to the importance of how it functions. For instance, mitochondria produces ATP which gets used up by your muscles. A high amount of ATP/energy results in muscular growth and resistance.",2,The pancreas allows for the body to receives fuel and energy.,0,There is a certain enzyme reaction which prevents the cell from not getting damaged. The liver is the organ that detoxifies any impurities.,0
65beeb52,llm-qa-bot,"('mRna', 'amino acids')",2,"('ATP', 'Lactic acid')",0,"('peroxisomes', 'oxidation')",2,"Applying for following function can be applied to muscle cells because they require large amounts of energy to keep the body moving. They contain lots of mitocondria. When the cells don't get enough oxygen, they need to produce ATP and in the process lactic acid is also produced.",1,They support their digestive function through high numbers of ribosomes which are responsible for protein synthesis,1,Cells are not damaged because the oxidation process is handled inside of the peroxisomes located within the cells. The peroxisome produce enzymes that break down the hydrogen peroxide into simple water and oxygen which is harmless.,2
68e019b0,llm-qa-bot,"('mRNA', 'proteins')",1,"('hydrogen', 'oxygen')",0,"('cells', 'energy')",0,Form follows functions means that the structure of something is able to contain the actions performed within it.  Muscle cells for example need a lot of energy and therefore are able to contain the ribosomes that process protein.,0,The structure of pancreas cells contain a certain thing I can't remember the name of that helps detoxify cells in the body by breaking down poisons with enzymes into non-toxic things.,0,There is something which I can't remember that uses enzymes to break down the hydrogen peroxide into the residual products of water and oxygen.,1
a5963840,llm-qa-bot,"('I forget', 'proteins?')",0,"('ribosomes', 'nuclei')",0,"('ribosomes', '???')",0,the ribosomes distribute energy into fatty acids which is transferred into the muscle cells.,0,Water and oxygen compounds are broken down and turned into amino acids.,0,It detoxifies the cell and turns the H202 into H20. i forgot the rest.,0
ac446a70,llm-qa-bot,"('mRNA', 'ATP')",1,"('h202', 'oxygen')",0,"('liver', 'breakdown')",0,the form of the structure relates to how the structure functions,0,it is structures so that hydrogen peroxide becomes not harmful while in the presence of the organelles within the pancreas,0,"while in the organelles, the h202 is harmless and it gets converted to water an oxygen",1
cbfc7b97,llm-qa-bot,"('mRNA', 'amino acids')",2,"('hydrogen', 'N/A')",0,"('peroxisomes', 'chemical')",1,"Form follows function means that the structure of cells are influenced by the function those cells carry out. Muscle cells require a lot of energy to move the body, so they are structured with a high concentration of mitochondria, which create ATP, which stores energy.",2,"The digestive pancreas has many peroxisomes, which detoxify the body and break down fatty and amino acids.",0,The cell is not damaged by hydrogen peroxide because enzymes break it down into water and oxygen.,1
118d9807,llm-chatbot,"('mRNA', 'amino acids')",2,"('glucose ', 'ATP')",2,"('enzymes', 'chemical ')",0,The structure of cell component and organelles is directly related to their function.,0,they make hormones that regulate blood sugar and regulate pancreatic secretions,0,Enzymes protect the cell from H202 damage. The catalase breaks the H202 and turns it into o2 and h20. 02 gas is the byproduct.,1
2e83a5c0,llm-chatbot,"('mRNA', 'amino acids')",2,"('glucose', 'oxygen')",1,"('peroxisomes', 'oxidation')",2,"The structure and function of muscle cells are directly related to their function. We need lots of energy, so muscle cells have lots of mitochondria.",2,Digestive pancreas cells have peroxisomes to help converting stored fats into sugars in the digestive process.,0,The cells aren't damaged by H202 because they have a process of carrying out oxidation reactions that break down h202 into oxygen and water.,1
31024d4f,llm-chatbot,"('mRNA', 'amino acids')",2,"('glucose', 'carbon dioxide')",1,"('peroxisomes', 'chemical')",1,"Form follows function essentially means that the structure of certain organelles is related to their intended purpose. For example, muscle cells contain many mitochondria, as these organelles make ATP, and muscles need a lot of energy in the form of ATP to move our bodies.",2,"I am not sure how to answer this since I don't remember it being covered in the lesson and I don't know/remember it. I would guess these digestive cells contain a lot of a certain type of organelle that is responsible for converting nutrients from food into things our body can use, so possibly many mitochondria to make ATP from food.",0,The cell is not damaged by H2O2 because peroxisomes break it down and dispose of it by using enzymes to chemically turn it into its constituent materials of water and oxygen.,1
6045e17c,llm-chatbot,"('cells', 'protein synthesis')",0,"('energy', 'glucose')",0,"('peroxixomes', 'detoxing')",1,This is a function of many cells that work together and then they support each other.  Many cells work with the blood cells in the muscles and you have the form follows functions.  It happens all over in your body all the time.,0,"The cells in the pancreas are mainly there to help detoxify your body.  The cells are peroxisomes which have single membranes that the ""poison"" goes in and is taken care of.  They are small, round organelles.",0,The cells that take care of them are peroxisomes and they ''eat'' the H2O2.  It goes into a single membrane that surrounds the cell.  The cell then disposes of them in the form of carbon dioxide.,1
8fd60a4f,llm-chatbot,"('mrna', 'amino acids')",2,"('glucose', 'protein')",1,"('glucose', 'respiration')",0,the purpose of a cell is determined by how it is formed,0,idk,0,idk,0
976467b3,llm-chatbot,"('mRNA', 'amino acids')",2,"('glucose', 'ATP')",2,"('peroxisomes', 'oxidation')",2,"Form follows functions means that the structure of the insides of cells is unique to each type of cell based on their ""job"" in the body. For example, muscle cells require a large amount of energy in the form of ATP, and mitochondria produce ATP. Because muscles need more energy, muscle cells have more mitochondria to meet that need.",2,"Digestion requires breaking down nutrients into materials cells can use to perform their functions. Amino and fatty acids must be broken down by peroxisomes, so it follows that cells involved in digestion would have more peroxisomes than other cells in the body.",0,Cells are not damaged by the H2O2 waste product of the oxidation process of peroxisomes because the H2O2 is contained in the membrane of the peroxisomes. The H2O2 is further broken down by enzymes inside peroxisomes into oxygen and water.,2
a312b58a,llm-chatbot,"('ATP', 'protein')",0,"('ribosome', 'ATP')",1,"('water', 'sythensis')",0,it applies that this must happen in order to produce muscle cells,0,they help the body digest the food that is in the stomach,0,ribosomes carry the H202 to different cells to get disposed of,0
ab8cfe7f,llm-chatbot,"('mRNA', 'amino acids')",2,"('glucose', 'ATP')",2,"('peroxisomes', 'oxidative')",2,"Form follows function is when the structure of a cell is determined by the function it provides. This applies to muscle cells because muscle cells require a constant source of ATP in order to fulfill the function of making the body move. Because of this, a high concentration of mitochondria is needed in these cells because mitochondria produce ATP, the primary energy-carrying molecule of the cell. Without this energy source, the muscle cells cannot function effectively.",2,"The pancreas cells contain peroxisomes which are able to break down fatty acids, amino acids, and toxins through oxidative reactions. The pancreas itself helps in digestion which requires the breaking down of molecules using enzymes. This process is aided by the presence of peroxisomes in pancreas cells because of the ability of peroxisomes to break down certain molecules. ",0,The cell is not damaged by the hydrogen peroxide provided that it is contained within the peroxisome. The organelle has a membrane that prevents the hydrogen peroxide from affecting the rest of the cell. The hydrogen peroxide is broken down into water and oxygen within the organelle.,2
b58ac506,llm-chatbot,"('mRNA', 'amino acids')",2,"('Protein', 'ATP')",1,"('peroxisomes', 'oxidation')",2,Structure is directly related to cellular function. Mitochondria will be found in high numbers in muscle cells since they make ATP and muscle cells require constant energy to keep body moving.,2,"Peroxisomes, small round organelles, will be found in higher numbers in areas that require breakdown of fatty and amino acids and or require detoxification for the body.",0,The peroxisomes confine reaction and the enzymes further breakdown H202 into oxygen and water to be released.,2
c7ee9e38,llm-chatbot,"('RNA', 'trna')",1,"('carbon + hydrogen', 'oxygen')",0,"('breaking down', 'chemical')",0,breaking down to build up,0,this was too confusing,0,there are protections,0
e8749e69,llm-chatbot,"('mRNA', 'amino acids')",2,"('carbon', 'oxygen')",0,"('perixomes', 'chemical')",1,It means that the form of different parts of the body are designed a certain way to correctly do certain things. Certain cells are designed perfectly to carry out different roles in the body and do what needs to be done.,1,They contain all of what they need to break down things that could be toxic to the rest of the body.,0,It is contained by peroxisomes and kept away from other parts of the body that it could hurt. It is safely broken down into  Oxygen and Water.,2
e87b34a5,llm-chatbot,"('RNA', 'sequencing')",1,"('carbon', 'sugar')",0,"('peroxisomes ', 'cellular respiration')",1,Form follows functions mean that the main thing that is functioning comes from smaller functions inside that work together. The muscle cells have different processes going on inside that make your muscles work properly.,0,The structure of the digestive pancreas cells support their particular function by oxidation reactions that are confined in the peroxisomes.,0,The cell is not damaged by H2O2 because it is confined in the peroxisomes so it releases oxygen and water.,2
fd93f340,llm-chatbot,"('MRNA', 'instructions')",1,"('Nitrogen', 'ATP')",1,"('organelles', 'respiration')",0,"If something is useful to a structure, it's likely to exist in the structure. For example muscle cells have more mitochondria, because those aid in muscle use.",2,No clue.,0,I don't know.,0